time,1265680561永雏塔菲,1437582453東雪蓮Official,1811071010虞莫MOMO,2132180406明前奶绿,351686170小妹睡不醒,401480763眞白花音_Official,434334701七海Nana7mi,51628309飞天狙想要努力变胖,672328094嘉然今天吃什么,672353429贝拉kira,7706705阿梓从小就很可爱,8739477老实憨厚的笑笑
2020-02-29,,,,,,,0,,,,,
2020-03-31,,,,,,,0,,,,,
2020-04-30,,,,,,,0,,,,,
2020-05-31,,,,,,,0,,,,,
2020-06-30,,,,,,,0,,,,,
2020-07-31,,,,,,,28757,,,,,
2020-08-31,,,,,,,481344,,,,,
2020-09-30,,,,,,,256180,,,,,
2020-10-31,,,,,,,195040,,,,,
2020-11-30,158379.0,,,,,,159873,,,,,
2020-12-31,265988.0,,,,,152735.0,217256,,11917.0,2701.0,,
2021-01-31,410277.0,,,,,367078.0,424612,,45996.0,37242.0,32798.0,
2021-02-28,392917.0,,,,,236793.0,538049,,94289.0,67461.0,369207.0,
2021-03-31,363079.0,,,,,328985.0,547733,,107133.0,50889.0,498125.0,
2021-04-30,134601.0,12861.0,,,,324918.0,529882,,109399.0,72675.0,439426.0,
2021-05-31,188990.0,36765.0,,,,237847.0,509581,,159554.0,121222.0,421797.0,
2021-06-30,80468.0,142191.0,,,,318547.0,432469,,224947.0,129469.0,496130.0,
2021-07-31,605533.0,227605.0,,,,272289.0,667444,,203309.0,127521.0,638677.0,
2021-08-31,688504.0,108809.0,,,,259665.0,991001,,274854.0,66795.0,668763.0,
2021-09-30,540677.0,39724.0,,,,277291.0,987496,,207556.0,183851.0,879733.0,
2021-10-31,581761.0,82953.0,,,,278584.0,835373,,229726.0,90284.0,854477.0,
2021-11-30,504724.0,95352.0,,,,222313.0,759979,,257860.0,78915.0,693042.0,
2021-12-31,711671.0,171445.0,,,,264546.0,1190757,,299383.0,140458.0,1404469.0,
2022-01-31,918932.0,233036.0,,,,354678.0,974302,,272216.0,83262.0,1072259.0,
2022-02-28,1029195.0,272266.0,,,,286954.0,839769,,164512.0,61883.0,1014270.0,
2022-03-31,1394370.0,266400.0,,,,289964.0,741532,,254526.0,121744.0,1061365.0,
2022-04-30,1250808.0,184423.0,,,,520747.0,702588,,210309.0,109356.0,858125.0,
2022-05-31,1270887.0,234559.0,,,,724780.0,730006,,148772.0,140071.0,627121.0,
2022-06-30,2554678.0,188974.0,,,,1801250.0,1281198,904411.0,592874.0,313180.0,1425339.0,5820616.0
2022-07-31,4512428.0,918878.0,29294.0,85835.0,98974.0,3856235.0,2777373,1758320.0,647592.0,859929.0,2909377.0,16849493.0
2022-08-31,3801080.0,982338.0,181932.0,171588.0,140922.0,4083773.0,1567990,2583133.0,781463.0,481658.0,2492678.0,19987160.0
2022-09-30,3079342.0,393860.0,164870.0,636476.0,329725.0,2976098.0,1002885,1991051.0,561741.0,206896.0,1948619.0,13953748.0
2022-10-31,2743082.0,359033.0,120774.0,1004846.0,351256.0,2000355.0,1491233,2040788.0,404541.0,336548.0,2110940.0,13609261.0
2022-11-30,1830069.0,439026.0,196676.0,677157.0,417121.0,2419370.0,1402582,2343033.0,375794.0,158111.0,1835554.0,9866056.0
2022-12-31,2502285.0,484605.0,110103.0,512614.0,229162.0,3607752.0,1474026,2067392.0,846060.0,149956.0,2835318.0,8481599.0
2023-01-31,3734392.0,922209.0,142106.0,739512.0,172160.0,3501342.0,1459176,1945440.0,698162.0,412000.0,1799803.0,7883646.0
2023-02-28,2187339.0,513661.0,118401.0,395636.0,139113.0,2066690.0,1369570,2417949.0,525031.0,308782.0,1519670.0,14463476.0
2023-03-31,2134818.0,366162.0,172144.0,760900.0,121568.0,1628648.0,1588881,2653248.0,1550365.0,251527.0,1854956.0,17675884.0
2023-04-30,1697538.0,477131.0,138982.0,671157.0,104967.0,1703778.0,1273508,2379262.0,754623.0,203727.0,1422262.0,15687582.0
2023-05-31,1801882.0,507544.0,136211.0,588113.0,69493.0,1739957.0,966452,2270663.0,419068.0,176728.0,564571.0,32433966.0
2023-06-30,1507759.0,571800.0,146071.0,627038.0,135423.0,1846648.0,1508530,2250854.0,257843.0,202059.0,882104.0,32762508.0
2023-07-31,2678508.0,306896.0,207906.0,369170.0,112338.0,1396100.0,692142,2083475.0,227293.0,175145.0,922220.0,15641203.0
