cUid,cUname,cParentArea,cArea,type,sendDate,message,price,count
96795170,野美知桃,娱乐,萌宅领域,4,1688756831845,,,
11616487,绝不早到小吱吱,娱乐,萌宅领域,4,1688421436625,,,
18701109,麻玉玉aiyuyu,娱乐,舞见,4,1688405011000,,,
2156921,狱凰阿巴阿巴,娱乐,舞见,4,1688404142819,,,
12475856,托尔起床了,娱乐,视频聊天,4,1688171870999,,,
44181867,鱼朵瑜伽,娱乐,日常,4,1687912153139,,,
2156921,狱凰阿巴阿巴,娱乐,舞见,4,1687469823121,,,
1467384952,Langx919,网游,英雄联盟,4,1685041762969,,,
36936765,布鲁诺OvO,单机游戏,FIFA23,4,1679364940201,,,
3461565583984850,哇啦哇啦稀里哗啦,电台,唱见电台,4,1678312343120,,,
1985540407,朵朵彼岸花-,电台,唱见电台,4,1678039663550,,,
651731017,LGDPYL116,网游,英雄联盟,4,1677417230851,,,
220316581,结标あわき,单机游戏,主机游戏,4,1668969731780,,,
482465791,廿十肆丶,单机游戏,怀旧游戏,4,1668968795370,,,
1842146789,小彭很可以,娱乐,视频聊天,4,1668663802251,,,
482465791,廿十肆丶,单机游戏,怀旧游戏,4,1667414881258,,,
513791224,全能幼师,电台,聊天电台,4,1665694414512,,,
344934966,LNG_Ale,网游,英雄联盟,0,1664214813986,船长无敌发育啊,,
5409946,-颖儿w-,娱乐,舞见,4,1662856863734,,,
636071,皮w蛋,,,4,1661788539940,,,
636071,皮w蛋,,,4,1660928388457,,,
636071,皮w蛋,,,4,1660929353565,,,
636071,皮w蛋,,,4,1660673557925,,,
636071,皮w蛋,,,0,1660675026942,魅力怎么加那么多啊,,
636071,皮w蛋,,,4,1660675732013,,,
636071,皮w蛋,,,0,1660675778661,斩了,,
636071,皮w蛋,,,4,1660584464339,,,
636071,皮w蛋,,,0,1660584675141,管他呢 上语文课啊,,
636071,皮w蛋,,,0,1660584844594,上,,
636071,皮w蛋,,,0,1660584855955,上将啊,,
636071,皮w蛋,,,0,1660585235688,跟现在比 假得太多咯,,
636071,皮w蛋,,,0,1660586653154,统一了还是你的皇帝,,
636071,皮w蛋,,,4,1660588612494,,,
488609381,公考章晓铭,,,0,1660584844594,上,,
636071,皮w蛋,,,4,1660493268248,,,
636071,皮w蛋,,,0,1660493376937,连弩车都没过去 队友死没了,,
636071,皮w蛋,,,0,1660493790824,怎么还有一个战技初级的人来打仗啊,,
636071,皮w蛋,,,0,1660493903434,没士气啊 痛得要死,,
636071,皮w蛋,,,4,1660496020196,,,
636071,皮w蛋,,,0,1660496093469,能把张和斩了吗,,
636071,皮w蛋,,,0,1660496143919,看你攻城每次有他,,
636071,皮w蛋,,,0,1660411893666,今天播到几点啊,,
636071,皮w蛋,,,0,1660412368254,自己玩能开变速齿轮吗,,
636071,皮w蛋,,,0,1660412662529,可以反800多啊？ 谁啊,,
636071,皮w蛋,,,0,1660412973518,乱啊,,
636071,皮w蛋,,,4,1660414089055,,,
636071,皮w蛋,,,0,1660414327697,进攻带弩车好鸡肋,,
636071,皮w蛋,,,0,1660414589540,这女的纯搞笑,,
636071,皮w蛋,,,0,1660414799282,鼓舞一下啊,,
636071,皮w蛋,,,0,1660415793662,可以做七星剑,,
636071,皮w蛋,,,0,1660416081962,小时候玩可以无限粮 有bug,,
636071,皮w蛋,,,0,1660416606056,关系好的好像冷静成功率高,,
636071,皮w蛋,,,0,1660416715901,11和13在直播平台火过12是什么东西啊,,
636071,皮w蛋,,,0,1660417068588,本来就各司其职啊,,
636071,皮w蛋,,,0,1660417343748,前期节奏很快的,,
636071,皮w蛋,,,0,1660417457119,是的 前几天一直看你种田,,
636071,皮w蛋,,,0,1660417727909,要剪辑反击啊,,
636071,皮w蛋,,,0,1660418164019,不能被你谋杀的吧,,
636071,皮w蛋,,,0,1660418275662,没名气 没家族的 抓了bush,,
636071,皮w蛋,,,0,1660418294901,抓了不杀干嘛,,
636071,皮w蛋,,,0,1660418635336,去大城市买东西啊,,
636071,皮w蛋,,,0,1660418756831,废物,,
3595470,萌萌哒老陈,,,4,1660338315147,,,
50121112,梦想家小瓜子,,,4,1660338491412,,,
4110367,赛文吉,,,4,1660335010817,,,
636071,皮w蛋,,,4,1660323954197,,,
636071,皮w蛋,,,0,1660324086625,直接全部撤退吧,,
636071,皮w蛋,,,0,1660324332332,给奶 拉出来 能打吧,,
636071,皮w蛋,,,0,1660324348735,有机会啊 有治疗,,
636071,皮w蛋,,,0,1660324615142,奶啊,,
636071,皮w蛋,,,0,1660324673519,冲啊 怕什么,,
636071,皮w蛋,,,0,1660324737563,能赢啊,,
636071,皮w蛋,,,0,1660324770921,那就赶紧走,,
636071,皮w蛋,,,0,1660324916959,弩炮发不了剑兰,,
636071,皮w蛋,,,0,1660325036990,自己掉了两万 人掉4000,,
636071,皮w蛋,,,0,1660325188653,编个军团啊 前线的一团 后面的二团,,
636071,皮w蛋,,,0,1660325265041,他们打不到人啊,,
60194879,清歌清歌-,,,4,1660335007740,,,
636071,皮w蛋,,,4,1660237195759,,,
636071,皮w蛋,,,0,1660237237615,怎么变主公了,,
636071,皮w蛋,,,0,1660237448757,灭了刘备,,
636071,皮w蛋,,,0,1660237503735,不是应该联盟公孙瓒灭刘备吗,,
636071,皮w蛋,,,0,1660237559672,哈哈哈哈哈哈,,
636071,皮w蛋,,,0,1660237612863,笑死 送张合,,
636071,皮w蛋,,,0,1660237839313,神眼就不用探地图了,,
636071,皮w蛋,,,0,1660237934607,笼络过来啊,,
636071,皮w蛋,,,0,1660237947931,刚过去的忠诚度不高,,
636071,皮w蛋,,,0,1660238089227,看看张和,,
636071,皮w蛋,,,0,1660238147451,还给他送本书 真亏,,
636071,皮w蛋,,,0,1660238297476,你这条命能不能统一哦,,
636071,皮w蛋,,,0,1660238401059,直接寄,,
636071,皮w蛋,,,0,1660238415372,送贾诩咯,,
636071,皮w蛋,,,0,1660238473589,人十万还有两路援军诶 本人不去打得过吗,,
636071,皮w蛋,,,0,1660238513154,go！,,
636071,皮w蛋,,,0,1660238596684,对面就赵云吧？,,
636071,皮w蛋,,,0,1660238667499,寄寄寄,,
636071,皮w蛋,,,0,1660238779640,赵云好像有箭岚诶 ,,
636071,皮w蛋,,,0,1660238891995,没士气 被打太痛了,,
636071,皮w蛋,,,0,1660239006973,赵云 吕布这种打乱挤 随便8000啊,,
636071,皮w蛋,,,0,1660239208979,先打血少的啊 带走加士气,,
636071,皮w蛋,,,0,1660239342584,练战法啊,,
636071,皮w蛋,,,0,1660239508956,8完了不就是9吗,,
636071,皮w蛋,,,0,1660239523162,我前几天好像看你在玩7,,
636071,皮w蛋,,,0,1660239615465,11被吹爆 我没玩过,,
636071,皮w蛋,,,0,1660239705381,够用了,,
636071,皮w蛋,,,0,1660239751364,送东西,,
636071,皮w蛋,,,0,1660239836384,还有什么强将啊 公孙瓒,,
636071,皮w蛋,,,0,1660239931203,公孙瓒车悬贼强,,
636071,皮w蛋,,,0,1660239960698,没错,,
636071,皮w蛋,,,0,1660240007868,冲,,
636071,皮w蛋,,,0,1660240130114,那么多援军啊 怕毛,,
636071,皮w蛋,,,0,1660240148906,进言一下啊,,
636071,皮w蛋,,,0,1660240164065,进言加一点点士气的,,
636071,皮w蛋,,,0,1660240187935,那不能,,
636071,皮w蛋,,,0,1660240292700,纯送,,
636071,皮w蛋,,,0,1660240399025,去冷静啊,,
636071,皮w蛋,,,0,1660240667822,占个没队友的地方 徐晃乱击一下诶,,
636071,皮w蛋,,,0,1660240747543,那就看你走位了啊,,
636071,皮w蛋,,,0,1660240879484,三波成功就5000啊,,
636071,皮w蛋,,,0,1660240920154,那还是看站位 技能确实强,,
636071,皮w蛋,,,0,1660241281427,最后一个啊,,
636071,皮w蛋,,,0,1660241290009,怎么没有啊 登录的事,,
636071,皮w蛋,,,0,1660241592158,最强的就是赵云,,
636071,皮w蛋,,,0,1660241601285,感觉哈,,
636071,皮w蛋,,,4,1660148435303,,,
636071,皮w蛋,,,0,1660148450461,怎么下不崩盘的版本啊,,
636071,皮w蛋,,,0,1660148499595,对 三国志8都会崩溃,,
636071,皮w蛋,,,0,1660148530906,哦 那可以 我之前都是下的,,
636071,皮w蛋,,,4,1660148554045,,,
636071,皮w蛋,,,0,1660148672123,要去市场见闻啊,,
636071,皮w蛋,,,0,1660148708998,你一直盯着一个地方见闻 会给你宝物,,
636071,皮w蛋,,,0,1660148888758,离间太守 笼络过来就一个城诶,,
636071,皮w蛋,,,0,1660149002799,医术和落雷是bug技能,,
636071,皮w蛋,,,0,1660149059620,买书就可以学医术吧 好像,,
636071,皮w蛋,,,0,1660149418340,去洛阳的市场 看看宝物,,
636071,皮w蛋,,,0,1660149592022,会要结拜了 再聊,,
636071,皮w蛋,,,0,1660149716461,可以设置没有老死啊,,
636071,皮w蛋,,,0,1660149794879,可以啊 我玩孙策玩到统一过,,
636071,皮w蛋,,,0,1660149865130,你这点武力 练了等于没练,,
636071,皮w蛋,,,0,1660149915945,没武力学搅乱和奇袭晕人呗,,
636071,皮w蛋,,,4,1659981503018,,,
